KY426898.1	45954
KY426897.1	45954
KY091877.1	45954
KP052744.1	45954
EF414466.1	45954
EF414465.1	45954
EF414464.1	45954
DQ280038.1	45954
AF507049.1	45954
AF038997.1	45954
DQ333748.1	45954
DQ333747.1	45954
DQ333723.1	446309
EF414467.1	446309
EF414463.1	446308
EF414462.1	446309
EF414461.1	446309
EF414460.1	446309
EF414459.1	446308
EF414458.1	446309
EF414457.1	446309
EF414456.1	446309
EF414455.1	446309
EF414454.1	446308
EF414452.1	446308
EF414451.1	446309
EF414450.1	446309
EF414449.1	446309
DQ333742.2	446309
DQ333739.2	446309
AF507050.1	446309
DQ333740.1	446309
DQ333733.1	446309
DQ333729.1	446309
DQ333728.1	446309
DQ333726.1	446309
DQ333725.1	446309
DQ333722.1	446309
DQ333719.1	446309
DQ333716.1	446309
DQ333712.1	446309
DQ333711.1	446309
DQ333709.1	446309
DQ333708.1	446309
DQ333707.1	446309
DQ333705.1	446309
DQ333704.1	446309
DQ333703.1	446309
DQ333744.2	446309
DQ333738.1	446309
AB522658.1	173500
AB522661.1	173500
MH304358.1	2184136
KY426904.1	45949
KY426903.1	45949
KX192356.1	45949
KU318349.1	45949
KX254564.1	45949
KC429294.1	45949
JX399588.1	1211956
JX399587.1	61343
AB522656.1	45949
AB522655.1	61343
DQ280039.1	45949
AF038999.1	45949
AY097256.1	195461
AY097255.1	195460
AY097253.1	195458
AY097250.1	195455
AY097248.1	195453
AY097241.1	195446
AY097236.1	195441
AY097205.1	195410
AY097204.1	195409
AY097203.1	195408
AY097191.1	195341
AF152024.1	45949
KU318350.1	229600
MH304357.1	2184135
KX192355.1	1857531
AB522664.1	173500
AB522663.1	173500
AB522662.1	173500
AB522659.1	173500
AB522657.1	173500
AY097249.1	195454
AY097240.1	195445
AY097237.1	195442
AY097202.1	195407
AY097200.1	195405
AY097192.1	195397
AY097190.1	195396
AF152023.1	127828
KY021084.1	45949
AY097245.1	195450
AY097242.1	195447
AY097239.1	195444
AB522665.1	173500
AB522660.1	173500
AY097238.1	195443
CP032251.1	47615
AY302248.1	446309
EU853292.1	8284
EU853291.1	8284
AJ247055.1	98386
KR476980.1	8284
KR476899.1	8284
KJ128809.1	8284
GQ406268.1	58325
DQ077951.1	48668
DQ077950.1	48668
DQ077947.1	48668
DQ077948.1	48668
DQ447687.1	48668
AJ247054.1	8284
KY231835.1	263744
JQ436551.1	70739
JQ436549.1	70739
JQ436548.1	263744
JQ436547.1	263744
JQ436550.1	70739
KR476978.1	58319
EU853295.1	58319
KC984273.1	108514
EU853293.1	103203
AP009304.1	58317
AF038487.1	28800
EU853294.1	103203
EF458408.1	86918
AF081851.1	86918
AY216543.1	28800
AP011263.1	58319
KJ128895.1	58319
EU477672.1	507835
EU477670.1	507834
AF266053.1	126254
EU477669.1	126254
AF266075.1	126254
KX890699.1	1904544
KX890692.1	1904540
KX890701.1	126205
KX890700.1	1904545
KX890690.1	1904537
EU477673.1	126205
AF266076.1	126205
KX890694.1	1771404
KX890788.1	126332
EU477671.1	126332
AF266054.1	126332
KX890749.1	1081901
KX890783.1	638515
KX890770.1	1904532
AB707767.1	1168712
KX890750.1	1081901
KX890748.1	1081901
KX890726.1	1904547
KX890725.1	1904546
KX890723.1	1904536
KX890703.1	1904549
KX890702.1	1904548
KX890698.1	1081901
KX890696.1	1904543
KX890695.1	1904541
KX890693.1	1081900
KX890691.1	1904538
KX890689.1	1904535
EU477711.1	507821
AB707768.1	1168712
KX890756.1	1904534
KX890733.1	1904539
KX890724.1	1904542
KX890697.1	1081901
KX890776.1	1904574
KX890655.1	1904568
KX890654.1	1904567
KX890652.1	1904565
KF256867.1	1310349
AB707769.1	1036282
KX890656.1	1904569
KX890653.1	1904566
KX890730.1	1525740
EU477661.1	126167
AF266051.1	126167
KX400354.1	1223348
KX400362.1	1223348
KX400361.1	1223348
KX400360.1	1223348
KX400346.1	1223348
KX400341.1	1223348
KX400331.1	1223348
KX400329.1	1223348
KX400328.1	1223348
KX400327.1	1223348
MF414414.1	1223348
KC703400.1	1223348
KC703399.1	1223348
KX400359.1	1223348
KX400358.1	1223348
KX400357.1	1223348
KX400356.1	1223348
KX400355.1	1223348
KX400353.1	1223348
KX400352.1	1223348
KX400350.1	1223348
KX400349.1	1223348
KX400348.1	1223348
KX400347.1	1223348
KX400345.1	1223348
KX400344.1	1223348
KX400343.1	1223348
KX400342.1	1223348
KX400340.1	1223348
KX400339.1	1223348
KX400338.1	1223348
KX400337.1	1223348
KX400336.1	1223348
KX400334.1	1223348
KX400333.1	1223348
KX400332.1	1223348
KX400330.1	1223348
KX400318.1	461120
KX400317.1	461120
KX400316.1	461120
KX400315.1	461120
KX400314.1	461120
KX400313.1	461120
KX400312.1	461120
KX400310.1	461120
KX400308.1	461120
KX400307.1	461120
KX400305.1	461120
KX400302.1	461120
KX400301.1	461120
KC733266.1	9606
MT338478.1	9606
MT232751.1	9606
MT227826.1	9606
MN334609.2	9606
MT079111.1	9606
MT079110.1	9606
MT079109.1	9606
MT079108.1	9606
MT079107.1	9606
MT079106.1	9606
MT079105.1	9606
MT079104.1	9606
MT079103.1	9606
MT079102.1	9606
MT079101.1	9606
MT079100.1	9606
MT079099.1	9606
MT079098.1	9606
MT079097.1	9606
MT079096.1	9606
MT079095.1	9606
MT079094.1	9606
MT079093.1	9606
MT079092.1	9606
MT079091.1	9606
MT079090.1	9606
MT079089.1	9606
MT079088.1	9606
MT079087.1	9606
MT079086.1	9606
MT079085.1	9606
MT079084.1	9606
MT079083.1	9606
MT079082.1	9606
MT079081.1	9606
MT079080.1	9606
MT079079.1	9606
MT079078.1	9606
MT079077.1	9606
MT079076.1	9606
MT079075.1	9606
MT079074.1	9606
MT079073.1	9606
MT079072.1	9606
MT079071.1	9606
MT079070.1	9606
MT079069.1	9606
MT079068.1	9606
MT079067.1	9606
KX350099.1	9606
MT079066.1	9606
LS997831.1	9606
MN503463.1	9606
MH120756.1	9606
MG182456.1	9606
MF177153.1	9606
MG518521.1	9606
MF362853.1	9606
MF170026.1	9606
KX495647.1	9606
KP903567.1	9606
JX153051.1	9606
KF056297.1	9606
JQ704837.1	9606
JQ704733.1	9606
HQ420832.1	9606
AY963586.3	9606
DQ112809.3	9606
MH120736.1	9606
MH120432.1	9606
MG548631.1	9606
KC152552.1	9606
HQ384202.1	9606
EU443508.1	9606
EU092904.1	9606
EU092820.1	9606
EF657725.1	9606
AY714020.1	9606
AF152022.1	1333964
NC_046410.1	45949
KT587454.1	9606
KT587372.1	9606
MG272710.1	9606
MF057689.1	9606
KF451240.1	9606
KF161078.1	9606
HM185241.1	9606
EU915477.1	9606
AY714029.1	9606
AB522683.1	141464
KF438123.1	1520955
KF438111.1	1520953
GU936204.1	745323
KF438121.1	1520954
KF438116.1	1521165
HM637012.1	328950
AJ971775.1	329954
HM637009.1	328950
KF438113.1	1520954
KF438112.1	1520953
HM637014.1	328950
HM637013.1	328950
HM637010.1	328950
HM637007.1	328950
HM636991.1	328950
AJ971743.1	328950
HM637025.1	328950
HM636990.1	328950
KF438122.1	1520953
KF438105.1	189839
HM637019.1	328950
HM637016.1	189839
HM637008.1	328950
HM636988.1	328950
HM636987.1	328950
HM637001.1	328950
HM636993.1	328950
HM636989.1	328950
AJ971726.1	328905
KF438119.1	189839
KF438118.1	189839
KF438117.1	1521163
HM637022.1	328950
HM637018.1	328950
HM637006.1	328950
HM637005.1	328950
HM636980.1	328950
HM637021.1	328950
HM636998.1	328950
HM636997.1	328950
MN023250.1	2585500
HM636996.1	328950
HM636985.1	328950
KF438107.1	1469373
KF438110.1	189839
KF438109.1	189839
KF438106.1	1469374
AY749808.1	309566
KF438108.1	1469374
GQ118283.1	248215
HM124684.1	870217
NC_038063.1	368946
NC_037917.1	870214
JN969953.1	368946
HM124690.1	870214
LR594559.1	177155
AB522678.1	141464
KR476966.1	48668
KR476884.1	48668
KJ128884.1	48668
GQ406271.1	48668
AJ247045.1	48668
AJ247040.1	77800
AF038484.1	48668
KJ128883.1	48668
AJ247066.1	58319
KR476967.1	693490
KR476885.1	693490
KR476965.1	1671881
KR476883.1	1671881
EU853296.1	340019
EU853297.1	1789051
AJ247059.1	1789051
EU853299.1	1789051
EU853298.1	1789051
AP010775.1	48668
FJ655267.1	7962
FJ655266.1	7962
FJ655265.1	7962
AB162640.1	155063
KR476914.1	155073
KR476833.1	155073
KJ128812.1	58325
JX573111.1	155063
DQ664266.1	58325
KY231829.1	69811
KR476947.1	58325
KR476946.1	69811
KR476865.1	58325
KJ128810.1	69811
DQ664300.1	69811
DQ664279.1	58325
DQ664278.1	58325
DQ664271.1	58325
DQ664268.1	58325
DQ664265.1	58325
MG570448.1	340988
MG570446.1	340988
KJ128678.1	155074
KJ128677.1	155074
JX099438.1	1294404
CP046683.1	4113
CP046694.1	4113
CP046397.1	28116
CP041395.1	28116
LT622246.1	1379690
CP012938.1	28116
FP929033.1	657309
AJ971737.1	328939
AY749813.1	309657
AJ971734.1	328935
KF534726.1	1343904
DQ664292.1	58325
DQ664259.1	58325
AJ971781.1	329011
AJ971783.1	329956
KT625453.1	1889058
KT625448.1	1889053
KT625446.1	1889051
AJ971762.1	2291882
AJ971745.1	328952
AJ971747.1	328956
AJ971784.1	329957
AJ971724.1	328902
AJ971780.1	329955
AY749771.1	248215
AJ971765.1	328993
HM124675.1	870216
DQ280036.1	211859
AJ586465.1	251531
HF970469.1	483424
HF970465.1	483424
AJ586466.1	251531
AJ971785.1	329016
FJ426638.1	231620
KM051975.1	204736
FJ230778.1	104777
AM040260.1	10195
AF325132.1	160652
FJ230774.1	104777
FJ230773.1	104777
FJ230779.1	104777
FJ230777.1	104777
GQ203157.1	104777
GQ203156.1	104777
GQ203154.1	104777
FJ230776.1	104777
FJ426630.1	396692
FJ426632.1	575211
KJ489417.1	392764
AM180758.1	10195
JN035725.1	10195
JN035724.1	10195
JN035723.1	10195
JN035720.1	10195
JN035719.1	10195
GQ894752.1	10195
GQ203181.1	104777
EU046250.1	10195
AY647198.1	10195
AM040258.1	10195
AJ748703.1	10195
CP040902.1	2584943
AY647203.1	183148
AJ748693.1	10195
KX364936.1	96890
JN035841.1	667381
JN035823.1	667381
JN035819.1	667381
GQ894750.1	667381
EU046254.1	478219
AJ748699.1	10195
AF325131.1	84397
AF364507.1	10195
AF364508.1	10195
JN035779.1	667381
JN035736.1	667381
JN035729.1	667381
EU046263.1	478219
EU046262.1	478219
EU046261.1	478219
EU046253.1	478219
AY647201.1	183147
AJ748706.1	10195
AJ748701.1	10195
MN256531.1	396692
GQ894755.1	183144
FJ426636.1	392764
AM292537.1	183144
GQ894749.1	96890
AY647200.1	10195
AM040261.1	10195
AJ748702.1	10195
KM051968.1	392764
KM051967.1	392764
KC603851.1	1199090
JN035714.1	10195
JN035691.1	10195
JN035662.1	10195
JN035655.1	10195
JN035646.1	10195
JN035647.1	10195
EU046255.1	478219
AJ748695.1	10195
AM180757.1	10195
AM180756.1	10195
JN035898.1	1068659
KM051964.1	475967
EU046264.1	475967
FJ426633.1	396694
AM180759.1	10195
EU046256.1	478219
EU046259.1	478219
EU046258.1	478219
EU046257.1	478219
AY647204.1	183143
AM040257.1	10195
AJ748698.1	10195
JN035900.1	1068660
FJ426637.1	204736
AM180760.1	10195
GQ466406.1	104777
GQ466405.1	104777
GQ466404.1	104777
GQ203212.1	104777
GQ203199.1	104777
GQ203198.1	104777
GQ203197.1	104777
GQ203196.1	104777
GQ203169.1	104777
GQ203163.1	104777
GQ203164.1	104777
FJ426631.1	104777
EU719112.1	104777
FJ426639.1	160652
FJ426634.1	392765
GQ203165.1	104777
MN417951.1	104777
KM051969.1	104777
GQ203160.1	104777
AY647206.1	104777
GQ343273.1	104777
GQ343270.1	104777
FJ230772.1	104777
GQ203146.1	104777
KX822781.1	104777
KM051962.1	183141
GQ894754.1	183141
AM180761.1	183141
GQ894751.1	10195
EU046251.1	10195
AY647199.1	10195
AM040259.1	10195
AK367289.1	112509
AJ748704.1	10195
AM180762.1	96890
AB466325.1	569425
JN681070.1	1118975
FJ230775.1	104777
MH724848.1	195082
FJ465746.1	195082
MH724847.1	195082
FJ465747.1	195082
FJ465741.1	195082
FJ465738.1	195082
FJ465724.1	195082
FJ465728.1	195082
FJ465726.1	195082
AY098843.1	195082
FJ465733.1	1483116
FJ465727.1	195082
FJ465723.1	195082
FJ465722.1	195082
FJ465718.1	195082
FJ465736.1	195082
JQ697271.1	152549
DQ160200.1	171871
DQ160198.1	171871
AY098839.1	152549
AY098838.1	152549
AY098835.1	171871
AY098830.1	152546
AY345204.1	171872
AY345199.1	171872
AY345198.1	171872
AF428238.1	171872
AY345194.1	171872
AY345192.1	171872
JQ697270.1	152549
DQ160199.1	171871
AY345205.1	171872
AY345203.1	171872
AY345202.1	171872
AY345201.1	171872
AY345200.1	171872
AY345195.1	171872
AY345193.1	171872
AY345191.1	171872
AY345190.1	171872
AF428239.1	171872
AF324194.1	152549
JQ697265.1	1190630
JQ697263.1	1190627
AY098837.1	152548
AY098834.1	171873
AY345197.1	171872
AY345189.1	152548
AY345188.1	152548
AY345187.1	152548
FJ426640.1	396695
FJ426635.1	183142
DQ664291.1	58325
DQ664295.1	58325
DQ664263.1	58325
KM051963.1	183141
AY647205.1	183141
AB522681.1	141464
GQ894748.1	183145
AM292538.1	183145
KM051974.1	1552236
KM051972.1	1552236
KM051971.1	1552236
KM051970.1	1552236
KM051966.1	396692
KM051965.1	396692
AY647202.1	183146
AF428241.1	152548
AF324193.1	152548
AY141415.1	171871
JQ697273.1	57843
JQ697272.1	57843
DQ160205.1	171873
DQ160204.1	171873
JQ697282.1	195081
MF037621.1	2152713
MF037619.1	2152711
MF037613.1	2152705
MF037620.1	2152712
MF037614.1	2152706
MF037617.1	2152709
MF037616.1	2152708
JQ348915.1	152013
JX099450.1	152013
JX099439.1	152013
AF320601.1	152013
KY426891.1	45971
JX099441.1	1294405
EF414448.1	45971
AF507052.1	45971
AF507051.1	45971
JX524646.1	1294405
JX099442.1	1294405
MF037618.1	2152710
MF037615.1	2152707
AF038998.1	45971
KC429304.1	1222194
JX099455.1	152466
KX713256.1	1920019
KR476829.1	2044564
KR476828.1	2044564
JX844591.1	1245217
DQ664298.1	58325
AP009407.1	10195
AM180755.1	10195
CP046212.1	2675777
NC_037773.1	40490
MH138072.1	40490
CP003940.1	292563
NC_037989.1	517775
MG148339.1	517775
NC_037986.1	2856
MG271845.1	2856
DQ186202.1	35128
KR149143.1	37319
NC_037988.1	210620
MG271847.1	210620
KT874463.1	267567
NC_037729.1	2858
MF997422.1	2858
AP018507.1	2083272
MH297491.1	303400
AP018510.1	2083274
AP018509.1	2083273
NC_037990.1	1884248
MG182051.1	1884248
AP018505.1	2083271
JN378735.1	1079368
EF434607.1	400756
AP018512.1	303400
KY021079.1	210441
JN378734.1	1079369
NC_037987.1	1458866
MG271846.1	1458866
KT946598.1	374175
EU427470.1	164328
DQ832718.1	164328
NC_045089.1	555429
MH936679.1	555429
KT893456.1	230439
KT893455.1	230439
DQ832717.1	67593
MH286887.1	4787
MH286886.1	4787
MH286885.1	4787
MH286884.1	4787
KY851301.1	4790
KX405004.1	112090
KJ408269.1	283009
HM590421.1	129356
HM590420.1	283007
HM590419.1	283009
HM590418.1	129358
U17009.2	4787
AY898628.1	4787
AY898627.1	4787
AY894835.1	4787
MH325167.1	542832
MH142315.1	542832
CP041025.1	2043170
CP028348.1	1016987
CP043006.1	2604421
CP019046.1	930806
CP013916.1	1390395
LT598653.1	310581
CP039250.1	2565556
CP045369.1	2587856
CP014864.1	252514
CP023994.1	1987356
NR_076082.1	59736
AE016822.1	281090
KT865796.1	1811291
KT865787.1	1811283
CP006734.1	1389489
CP051154.1	2724914
CP017146.1	674079
MN565657.1	878252
MN565651.1	878252
CP016783.1	1884913
CP016781.1	1884905
CP016780.1	1884913
CP016777.1	1884914
CP016776.1	1884907
CP016774.1	1884905
CP016773.1	1884904
CP016772.1	1884914
CP016770.1	1884914
CP016769.1	1884913
CP015605.1	1848754
CP015604.1	1848756
CP015603.1	1848255
CP014761.1	1575
CP043430.1	2606451
CP027929.1	2070348
CP027434.1	2103230
CP025422.1	2058657
CP025299.1	162426
CP018134.1	300019
LT629770.1	199592
LT627736.1	912630
KT865815.1	1811303
KT865813.1	1811301
KT865804.1	1811296
KT865802.1	1811294
KT865801.1	1811293
KT865793.1	1811289
KT865791.1	1811287
KT865788.1	1811284
KT865786.1	1811282
CP014313.1	1795053
CP013859.1	367477
MN565650.1	878252
MN565649.1	878252
MN565648.1	878252
MN565647.1	878252
CP032630.1	2419774
CP034753.1	2498704
CP030286.1	2099584
CP016782.1	573600
CP016778.1	1884905
CP016775.1	1884905
MN565654.1	878252
CP040899.1	2585135
CP046172.1	228602
CP018082.1	2213200
NR_076254.1	37329
AP006618.1	247156
CP046175.1	2675754
CP029710.1	1047172
CP036403.1	2508882
CP033325.1	2483799
NR_077030.1	135487
NR_076702.1	60920
FO082843.1	1127134
CP001819.1	446469
JQ806138.1	67295
CP045245.1	2654191
CP043808.1	1123251
CP042174.1	1179673
CP034766.1	2499145
CP029361.1	1908
CP010833.1	1661694
CP013738.1	1172567
JQ806161.1	90079
JQ806160.1	90079
JQ806159.1	90079
JQ806158.1	90079
JQ806145.1	1884
JQ806144.1	1884
JN969944.1	380106
HM124721.1	380106
DQ356376.1	380106
EU868692.1	576219
CP002217.1	640512
CP024905.1	134536
KY426896.1	205083
KY426892.1	205083
JQ348913.1	427924
JX099457.1	427924
AF507048.1	205083
AF507047.1	427924
AY302247.1	205083
DQ333746.1	427924
DQ333745.1	427924
KY426895.1	205083
AF038996.1	427924
AJ971764.1	328991
AL806512.9	10090
AJ971733.1	328934
KT625452.1	1889057
KT625447.1	1889052
KP965862.1	1194616
CP023132.1	3871
MN122936.1	35669
MN122906.1	8912
MN122843.1	28681
FJ465237.1	179809
FJ465236.1	179809
AY293619.1	37036
AF173566.1	118194
DQ674604.1	126713
KM507782.1	179808
MN122820.1	1192867
JX155863.1	328044
KM577662.1	1192867
KC760146.1	328046
DQ485833.1	126679
KJ631624.1	1132478
JQ071443.1	1132478
DQ385297.1	75485
EF380281.1	28689
MF776875.1	94623
MF776874.1	94623
MF776873.1	94623
MF776872.1	94623
MF776869.1	94623
MF776866.1	94623
MF776865.1	94623
MF776864.1	94623
MF776863.1	94623
MF776862.1	94623
MF776861.1	94623
MF776860.1	94623
MF776859.1	94623
MF776858.1	94623
MF776856.1	94623
MF776855.1	94623
MF776854.1	94623
MF776853.1	94623
MF776851.1	94623
MF776850.1	94623
MF776849.1	94623
MF776848.1	94623
MF776847.1	94623
MF776846.1	94623
MF776845.1	94623
MF776844.1	94623
MF776843.1	94623
MF776842.1	94623
MF776841.1	94623
MF188889.1	94623
MF188888.1	94623
MF188887.1	94623
MN423287.1	2607931
MN423289.1	1411937
MN423282.1	2607934
MN423281.1	2607932
KC429293.1	1411937
LR778313.1	3726
CP046697.1	4113
LR736848.1	6579
AF152025.1	98301
AJ971725.1	328903
AJ971735.1	328936
AJ971763.1	2291884
AJ971754.1	328972
AJ971774.1	329003
AJ971758.1	328979
HM003973.1	765386
HM003961.1	765386
HM003957.1	765386
HM003955.1	765386
AY749764.1	309558
DQ459280.1	115816
KF360165.1	6596
DQ459290.1	380118
AB236176.1	6596
MN233789.1	6596
KX713233.1	6596
KF360160.1	6596
JN969956.1	6596
LR597445.1	181472
FJ443041.1	643711
AY749756.1	603581
FJ443039.1	643709
FJ443036.1	643708
FJ443033.1	603584
FJ443035.1	643707
FJ443032.1	240914
FJ443044.1	643728
KM244691.1	1560013
FJ443034.1	603585
FJ443042.1	603597
FJ443040.1	604022
FJ443038.1	643722
FJ443037.1	603586
MN023310.1	2609555
MN023281.1	2609555
MN023282.1	2609555
AB711633.1	537871
HM594511.1	153205
HM594502.1	912340
KX529116.1	712094
KU361233.1	447868
KP885666.1	1774253
AB860071.1	447868
HM594510.1	912336
DQ250860.1	359485
AB711598.1	1172381
GU550199.1	710965
AB874297.1	1172381
GU550192.1	710965
LC439699.1	231015
LC439697.1	231015
LC439694.1	231015
LC439693.1	231015
MF990688.1	2268840
MF990681.1	2268840
MF990673.1	2268840
MF990672.1	2268840
MF990667.1	2268840
MF990665.1	2268840
KT425082.1	1821760
KF528921.1	1392621
GU947391.1	931507
HQ234717.1	908209
AB110257.1	231015
AY749809.1	309756
MH171969.1	2173055
KR360510.1	1689247
KJ131401.1	1273063
KJ131390.1	1273063
AB522669.1	141464
HM124702.1	6596
DQ184737.1	6596
DQ280040.1	6596
AB236182.1	6596
AB236178.1	6596
AB236175.1	6596
AJ548773.1	6596
KT587453.1	9606
KT587419.1	9606
KT587358.1	9606
KT587357.1	9606
MG272749.1	9606
MG272679.1	9606
KU682909.1	9606
KU682907.1	9606
KU682892.1	9606
MF056704.1	9606
KX457498.1	9606
KX457490.1	9606
KX457252.1	9606
KX457249.1	9606
KX456890.1	9606
KM245133.1	9606
KM102071.1	9606
KJ154684.1	9606
KJ154381.1	9606
KC911437.1	9606
KC911328.1	9606
KC477757.1	9606
JF739541.1	9606
JQ705671.1	9606
JQ705380.1	9606
JQ705069.1	9606
JQ704158.1	9606
JQ324906.1	9606
JQ324735.1	9606
HM156682.1	9606
GU733826.1	9606
GU733825.1	9606
GU733814.1	9606
GU733811.1	9606
GQ301886.1	9606
DQ282426.1	9606
DQ282425.1	9606
DQ282424.1	9606
MK128847.1	9606
MG646113.1	9606
KC993993.1	9606
KC993984.1	9606
JQ704956.1	9606
KP244232.1	1648424
HM594506.1	912338
MH317856.1	1397796
KJ131412.1	1273063
KJ131399.1	1273063
KJ131397.1	1273063
KJ131396.1	1273063
KJ131395.1	1273063
KJ131394.1	1273063
KJ131392.1	1273063
KJ131391.1	1273063
EU734865.1	560900
KJ131389.1	1273063
KJ131388.1	1273063
LC439735.1	231015
KU949076.1	1817618
KP288726.1	1588178
KJ131411.1	1273063
KJ131408.1	1273063
KJ131405.1	1273063
KJ131404.1	1273063
MG660742.1	9606
MK069575.1	9606
MK069573.1	9606
MK069568.1	9606
MH553915.1	9606
MH553846.1	9606
MH553677.1	9606
MH177819.1	9606
MG273133.1	9606
MG273130.1	9606
MG273129.1	9606
MG273125.1	9606
MG273119.1	9606
MG273118.1	9606
MG273112.1	9606
KY671069.1	9606
KU683183.1	9606
KU682983.1	9606
KU682936.1	9606
KY680971.1	9606
KX457394.1	9606
KX457196.1	9606
KC252568.1	9606
KF451739.1	9606
KJ446499.1	9606
KF540663.1	9606
KF540552.1	9606
KC251743.1	9606
KF849960.1	9606
KF849914.1	9606
AP013244.1	9606
AP013155.1	9606
JQ411480.1	9606
JF824924.2	9606
JF824831.2	9606
JN966735.1	9606
GU392082.1	9606
GU392081.1	9606
AP011056.1	9606
FJ198228.1	9606
FJ198227.1	9606
EU600334.1	9606
EU600331.1	9606
EU219349.1	9606
AY255161.1	9606
AY255150.1	9606
AP008736.1	9606
KP252975.1	345435
HM124723.1	345435
DQ184734.1	345435
CP038191.1	6239
LK927584.1	6239
Z78015.1	6239
GU569218.1	239256
AY275358.1	239256
AB856941.1	1407777
AB918948.1	239256
AB856931.1	1407768
AB856939.1	1407767
LC052017.1	1645926
LC052028.1	1645968
LC051995.1	1645937
LC208990.1	1933321
LC052027.1	1645965
GU569216.1	297941
LC208988.1	1933319
LC208985.1	1933316
LC052018.1	1645932
LC051990.1	1645917
LC051975.1	1645920
LC051974.1	1645918
AB856930.1	297964
GU569207.1	297946
EF662137.1	469717
AY374587.1	255642
AY275361.1	239262
LC051986.1	1645938
KF499165.1	1430033
GU569193.1	298009
EF662127.1	469688
LC208981.1	1933314
LC052012.1	1645928
LC051996.1	1647512
LC051987.1	1645941
LC051976.1	1645945
AB918943.1	1476827
AB856942.1	1407775
KF499223.1	1430019
KF499166.1	1430057
GU569208.1	297950
GU569196.1	298004
GU569191.1	762537
GU569190.1	239296
EF662133.1	469711
AY374579.1	255634
AY374574.1	255630
AY275366.1	239296
DQ104766.1	239296
LC208999.1	1933332
LC208992.1	1933331
LC208991.1	1933322
LC208987.1	1933318
LC052010.1	1645962
FM991716.1	149017
CP034438.1	1282737
AP022604.1	1792
LR134355.1	1792
LR215973.1	135487
CP026746.1	135487
NR_077007.1	1859
JX144331.1	108028
FM991719.1	108028
CT573213.2	326424
M88466.1	1855
CP011773.1	1545728
CP040915.1	2589797
CP032568.1	2382165
AP022600.1	39695
CP016640.1	1879023
CP034593.1	2496867
CP000820.1	298653
LT629971.1	370526
CP046572.1	2663121
CP038030.2	1830
LR698960.1	1164002
CP041769.1	2594007
CP039432.1	2567884
CP033784.1	38289
CP023714.1	1830
LS483468.1	38310
CP021354.1	1990687
AB522680.1	141464
AM450267.2	29760
LR778316.1	3726
LR699774.1	3702
LR131485.1	5833
LR131469.1	5833
LR131454.1	5833
LR131438.1	5833
LR131422.1	5833
LR131406.1	5833
LR131390.1	5833
LR131374.1	5833
LR131358.1	5833
LR131342.1	5833
LR131326.1	5833
LR131310.1	5833
LR131294.1	5833
LR129690.1	5833
LR215056.1	3702
KX057737.1	948398
CP016995.1	36329
AL844504.2	36329
CP012615.1	39946
CP006493.1	1294318
BX649302.22	7955
LN591142.1	7962
CP048841.1	29159
CP018166.1	39946
AP014967.1	39947
AC146766.2	39947
AC104845.2	39947
LR031873.1	3712
CP017714.1	1540872
LR761638.1	29159
AP022705.1	160734
LR699754.1	3702
LT969432.1	647221
CP032252.1	47615
CP039348.1	3917
CP025644.1	35884
CP014150.1	1505
XM_001026455.2	312017
CP006771.1	1403316
CP039353.1	3917
KY197961.1	52638
LR761618.1	1010633
LT969421.1	880535
LM525011.1	75913
LR778315.1	3726
CP016768.2	1884634
CP016779.1	1884916
CP016771.1	1884915
MN565604.1	2653860
MN565609.1	2653860
MN565603.1	2653860
MN565613.1	2653860
MN565606.1	2653860
MN565602.1	2653860
MN565600.1	2653860
MN565605.1	2653860
CP015606.1	1848755
CP045920.1	2654547
CP050804.1	2722751
CP038213.1	1288636
FM991722.1	59561
CP050810.1	1661
CP023699.1	1967
CP029192.1	54571
LR699764.1	3702
LR699759.1	3702
CP034879.1	557993
KP722576.1	1078267
CP015208.1	535712
CP007490.1	529884
CP040510.1	232537
CP040509.1	232537
CP040508.1	232537
MN565607.1	77133
MN565610.1	77133
MN565601.1	77133
MN565611.1	77133
MN565612.1	77133
CP040750.1	2583822
CP033107.1	2480625
CP044231.1	2614638
CP019402.1	150123
LT629692.1	370764
LT627734.1	1855377
CP042412.1	2603598
CP031015.1	2268461
CP031338.1	82380
CP031422.1	82380
CP030929.1	2079575
AP017975.1	1938334
AP017457.1	708131
KT865812.1	1811300
KT865810.1	1811298
KT865803.1	1811295
KT865792.1	1811288
KT865772.1	1811279
CP051299.1	1804990
CP047054.1	33013
CP047051.1	33013
CP048049.1	1874630
CP048047.1	1874630
CP048045.1	1874630
CP033724.1	33013
CP033723.1	31963
CP033722.1	31963
CP033721.1	31963
MN565608.1	77133
CP024170.1	2048898
CP031425.1	104336
CP018151.1	1916917
CP015810.1	84292
KT865827.1	1811304
CP029042.1	47763
CP022685.1	1616117
LT629771.1	1798224
LN850107.1	1653480
JF424166.1	58352
EU795160.1	542467
CP023695.1	132473
CP029193.1	54571
EU795167.1	542378
EU795161.1	542468
CP029191.1	54571
CP032266.1	1906
CP015588.1	1642299
MH746421.1	2479303
XR_002392490.1	10181
XR_204913.2	10181
JQ697277.1	195081
KP313718.1	9121
KF644582.1	9121
MN122918.1	9121
KC613991.1	9121
KC613993.1	156758
KC613990.1	555253
KC613989.1	1003837
DQ485863.1	81903
KC613995.1	555254
KC613992.1	89387
KC614002.1	471249
DQ485864.1	9123
HQ896036.1	9123
KC614003.1	471254
KC613998.1	408673
KC613999.1	471255
KY009737.1	54492
DQ485862.1	261200
KY009736.1	1150993
KC614031.1	156759
KJ442621.1	261959
KC613986.1	185586
KJ874440.1	261959
KF289829.1	1405428
KP057881.1	261967
KC614006.1	1294522
KC614004.1	1118577
KC613997.1	261967
KC613979.1	1294515
KC614022.1	1294531
KC614009.1	371915
KJ192198.1	592172
NC_037406.1	1150994
KC614013.1	1150994
DQ485859.1	54363
MK434261.1	2558235
NC_041578.1	54496
AP010823.1	548806
NC_046765.1	161683
MK341549.1	161683
AP010822.1	547198
NC_039814.1	2478892
KC614035.1	9125
KC614001.1	1150670
KC613978.1	1109024
KF701060.1	1429435
KF425525.1	1150662
HM746793.1	870970
NC_041577.1	1150670
KC614026.1	54493
KC614018.1	1118830
KC613988.1	1150654
DQ104743.1	297893
MK685297.1	2559264
KC505476.1	473189
NC_039437.1	161013
AY523652.1	161014
HM246162.1	864842
AY523647.1	161014
AY523653.1	161014
AY523645.1	161014
AF335993.2	159957
KF644583.1	1150654
KY231828.1	270329
KR476944.1	270329
KR476862.1	270329
MF621726.1	270329
MF621725.1	270329
MF621724.1	270329
KP013097.1	270329
AY742524.1	270329
MH301069.1	270332
MH301066.1	201688
MH301065.1	201688
MF621732.1	270332
MF621723.1	201688
AY742538.1	270332
AY742536.1	225390
AY742537.1	225390
AY742535.1	270331
AY742534.1	270331
AY742533.1	270330
MF621714.1	13106
MF621713.1	13106
MF621712.1	13106
KP013118.1	13106
AP005993.1	13106
JX536256.1	13106
JX536255.1	13106
JX536254.1	13106
JX567607.1	13106
JX567606.1	13106
JX567604.1	13106
JN389795.2	13106
AY742530.1	13106
AY742529.1	13106
AY742532.1	270330
AY742531.1	194548
JX567605.1	13106
JX567603.1	13106
AY742528.1	255468
AY742527.1	255468
AY430246.1	13106
AY742526.1	201690
AY742525.1	201690
AY742517.1	201694
AY742521.1	201688
EU848449.1	76932
EU848430.1	76930
AY742511.1	201699
MN147846.1	82901
KR153503.1	82893
HQ018815.1	82899
KC614010.1	1118511
MH301081.1	8182
MF621719.1	8182
MF621715.1	8182
KP013112.1	8182
AY742557.1	8182
AY742556.1	8182
AY742555.1	8182
AF324191.1	152546
JQ697278.1	195081
JQ697268.1	152547
EU682820.1	504418
EU682819.1	504418
EU682818.1	504418
EU682817.1	504418
KC771009.1	1074848
AB002113.1	78098
KX376078.1	1886372
HM124689.1	368946
HM124719.1	870221
KY547786.1	138984
AP022868.1	216816
CP048001.1	216816
CP046514.1	216816
CP034089.1	216816
CP043002.1	216816
CP040235.1	216816
CP026999.1	216816
LR134369.1	216816
CP031133.1	1679
KX128089.1	77133
CP016019.1	1679
CP013673.1	216816
CP011964.1	1679
CP010453.1	216816
LN824140.1	1682
AP014658.1	216816
CP006741.1	1300227
CP002794.1	1035817
AP010890.1	565040
AP010888.1	565042
CP002286.1	890402
GU942930.1	155900
FP929034.1	722911
CP000605.1	205913
AE014295.3	206672
LT629712.1	216816
LR655210.1	1682
LR134354.1	1682
AP010889.1	391904
LR698953.1	216816
CP008885.1	216816
CP002010.1	759350
CP010411.1	1682
CP014241.1	1683
AP012322.1	518635
CP040931.1	1685
CP045646.1	1685
CP045532.1	1685
LR655209.1	1685
CP034770.1	1685
CP034192.1	1685
CP033841.1	1685
LR134348.1	1685
CP023199.1	1685
CP023198.1	1685
CP023197.1	1685
CP023196.1	1685
CP023195.1	1685
CP023194.1	1685
CP023193.1	1685
LR134349.1	1689
AP012326.1	1150423
NR_076130.1	1689
CP001750.1	401473
DQ184699.1	345349
DQ459271.1	345349
HM124688.1	870229
HM124687.1	870229
KC614020.1	1294533
KC614025.1	555302
KM401546.1	395889
KC614011.1	1294525
KC614034.1	54501
KC614029.1	279959
CP041040.1	104336
CP035375.1	2508880
CP021038.1	33014
CP021034.1	33014
CP019892.1	104336
CP011043.1	33014
CP014513.1	1795630
CP012573.1	1874630
CP012299.1	1696072
HE614873.1	1097677
AM711867.1	443906
CP031423.1	1072463
CP014619.1	1446794
CP014145.1	412690
CP044232.1	2614639
CP038266.1	2541726
NR_076089.1	31964
AM849034.1	31964
CP026951.1	2079791
KY568891.1	2024259
KY568890.1	2024258
KY568889.1	2024257
KY568888.1	2024256
KY568886.1	2024255
KY568885.1	2024255
KY568884.1	2024255
KY568883.1	2024255
KY568882.1	2024255
KY568881.1	2024255
KY568887.1	2024255
KY568880.1	2024255
KY568879.1	2024255
KY568878.1	2024255
KY568877.1	2024255
KY568876.1	2024255
KY568875.1	2024255
EF531121.1	452760
KC699313.1	1445817
KM035417.1	666472
AB699944.1	1155466
AB257222.1	380510
EF531119.1	452742
KT956324.1	1825821
AB699949.1	1155471
AB699946.1	1155468
AJ439186.1	189933
KT956343.1	1824966
KT956328.1	1824965
AB465915.1	569024
EU548227.1	155900
EF531114.1	170903
KX372558.1	1979295
KR820880.1	1658053
KT956326.1	1824959
KM079216.1	1683855
KJ476294.1	1511674
JQ412063.1	584957
GU550213.1	710916
GQ409141.1	657619
AB465919.1	569050
EU926953.1	584957
AB257228.1	380515
AF177135.1	103425
AF177134.1	28614
MK813118.1	2588043
MK813005.1	2588041
MH817480.1	2489102
LC061480.1	1671163
KT956329.1	1824962
AP006013.1	82899
AP022714.1	160734
AP022676.1	293821
KY083067.1	31354
CP032574.1	34284
LM525740.1	174720
AP022632.1	34305
CP012618.1	39946
AC188306.2	9601
LT969434.1	647221
CP031450.1	294
CP047562.1	50273
LR131491.1	5833
LR131475.1	5833
LR131460.1	5833
LR131444.1	5833
LR131428.1	5833
LR131412.1	5833
LR131396.1	5833
LR131380.1	5833
LR131364.1	5833
LR131348.1	5833
LR131332.1	5833
LR131316.1	5833
LR131300.1	5833
LR129696.1	5833
LT963424.1	880534
CP017001.1	36329
LN999945.1	36329
CR762468.28	7955
MK988441.1	55980
CP046689.1	4113
CP032246.1	47615
LT594793.1	3641
CP046700.1	4113
CP042425.1	2598579
CP006667.1	1366050
XM_005892262.2	72004
XM_010834727.1	43346
KF483317.1	1450408
KF483302.1	529889
KF483301.1	529889
KF483298.1	529892
EU559134.1	192231
EU559128.1	529892
EU559125.1	529892
EU559113.1	529889
EU559111.1	529889
EU559106.1	529889
DQ062631.1	192231
DQ062630.1	192231
KF483251.1	192231
EU559147.1	529894
DQ062625.1	127833
AY957849.1	127833
AY957845.1	127833
AY957841.1	127833
AY957840.1	127833
AY093564.1	127833
AF152028.1	127833
EU559110.1	529889
AY957857.1	192231
AY957856.1	192231
AY093566.1	192231
KY126451.1	457828
KF483296.1	1450201
EU559137.1	457828
EU559136.1	457828
AY957855.1	127833
AY957850.1	127833
MN511020.1	2650569
MN511006.1	2650569
MN511005.1	2650569
MN511004.1	2650569
KY202902.1	192234
KY202901.1	192234
KY202900.1	192234
KY202899.1	192234
KY202898.1	192234
KY202897.1	192234
KY202896.1	192234
KY202895.1	192234
KY126443.1	192234
EU559148.1	192234
DQ062650.1	192234
DQ062649.1	192234
DQ062648.1	192234
DQ062647.1	192234
DQ062646.1	192234
EU559115.1	331102
DQ062645.1	192234
DQ062622.1	331102
DQ062621.1	331102
CP016282.1	670052
CP021992.1	1978566
CP030033.1	2220095
MK059815.1	2570166
MK059811.1	2570169
KT625455.1	1889060
KT625454.1	1889059
KT625451.1	1889056
MN298795.1	2602724
MN298794.1	2602725
LN868649.1	1678815
HE601624.1	6183
AY957823.1	320600
DQ062620.1	331102
AY957822.1	320600
KY202893.1	127832
KY202886.1	127832
KY202878.1	127832
KY202877.1	127832
KY202874.1	127832
KY202871.1	127832
KY202870.1	127832
KY202867.1	127832
KY202865.1	127832
KY426908.1	127832
AY957827.1	320600
AY957821.1	320600
KU376178.1	1450196
KF483313.1	1450196
AY957812.1	127832
KY126457.1	192226
KY126455.1	192226
KF483282.1	1938150
MN913664.1	2696687
MN913663.1	2696686
LR535846.1	205130
CT025840.2	3880
LR722984.1	390379
KF483287.1	192233
EU559160.1	192233
EU559159.1	192233
EU559157.1	192233
EU559156.1	192233
EU559150.1	192233
EU559151.1	192233
DQ062644.1	331102
DQ062642.1	192233
DQ062641.1	192233
DQ062639.1	192233
DQ062638.1	192233
KF483300.1	529895
EU559162.1	529895
EU559161.1	529895
DQ062643.1	192233
DQ062636.1	192233
DQ062635.1	192233
AY093568.1	192233
DQ062634.1	192233
KY202894.1	1985938
DQ062640.1	192233
EU559149.1	192233
KF483280.1	192233
KF483270.1	192233
DQ062637.1	192233
KF483323.1	1450197
KF483316.1	192226
KY126459.1	1985458
KF483299.1	1450405
EU559102.1	529887
EU559099.1	529887
KF483293.1	192226
EU559098.1	529887
KF483288.1	192232
MN567199.1	192232
MN567196.1	192232
MN567195.1	192232
KF483283.1	1450202
KF483275.1	1450202
MN511014.1	192232
MN511013.1	192232
MN511012.1	192232
KF483318.1	192232
EU559143.1	192232
EU559142.1	192232
EU559140.1	192232
EU559139.1	192232
MN511022.1	192232
MN511021.1	192232
XM_009103199.3	3711
XM_009103198.3	3711
AC189261.2	51351
GQ914280.1	703920
GQ914279.1	703920
GQ914277.1	703920
GQ914270.1	97517
GQ914152.1	97517
GQ914153.1	97517
GQ914200.1	97517
KY547785.1	138984
KY547784.1	138984
KY547783.1	138984
KY547782.1	138984
KY547781.1	138984
KY547780.1	138984
KY547779.1	138984
KY547778.1	138984
KY547777.1	138984
KY547776.1	138984
KY547775.1	138984
KY547774.1	138984
KY547773.1	138984
KY547772.1	138984
JF808193.1	138984
DQ184735.1	138984
AM085110.1	138984
AJ548762.1	138984
AJ294946.1	138984
DQ459294.1	380120
KC429301.1	55715
JF901818.1	55715
AJ548763.1	55715
AJ294947.1	55715
DQ184732.1	55715
DQ459295.1	380123
JF808178.1	380098
DQ459267.1	380098
HM124736.1	380102
DQ459273.1	380101
DQ459266.1	380099
DQ184702.1	584774
JF901819.1	380120
JF808192.1	380120
DQ459270.1	380167
KF360162.1	6596
KF360161.1	6596
KF360159.1	6596
DQ459293.1	380122
AJ548768.1	1795448
DQ459274.1	380102
JF901817.1	584774
JF808184.1	584774
DQ184718.1	345400
DQ459289.1	380116
DQ459272.1	345400
LR738554.1	300306
CP026681.1	1261031
AP011214.1	8284
AP011417.1	101839
AP011212.1	101899
KR476984.1	155067
KR476903.1	155067
KJ128683.1	155067
KJ128680.1	58317
EU853288.1	129882
AJ247058.1	129882
DQ447709.1	98390
DQ447708.1	101877
DQ447688.1	129883
AJ247060.1	98390
DQ447710.1	77801
DQ447705.1	77798
AP011210.1	58317
KR476922.1	52619
KR476918.1	58317
MN511019.1	192232
MN511018.1	192232
MN511017.1	192232
MN511016.1	192232
CP042461.1	1862133
KY921153.1	155900
KY917580.1	155900
KY915152.1	155900
KY915358.1	155900
KY918305.1	155900
KY916578.1	155900
CP009217.2	1528098
KY920636.1	155900
KY916587.1	155900
CP033898.1	2080757
KY914797.1	155900
KY914728.1	155900
KY914602.1	155900
KY920623.1	155900
KY917359.1	155900
KY914738.1	155900
MN511011.1	192232
KY126450.1	529890
KY126449.1	529890
MH744426.1	8839
MF069251.1	8839
MF069250.1	8839
MF069249.1	8839
MF069248.1	8839
KX592536.1	8839
KC466567.1	75854
KJ833587.1	8839
KJ833586.1	8839
KJ794187.1	75865
KJ883269.1	8839
KJ778676.1	8839
KJ739616.1	8839
KJ689447.1	8839
KC984222.1	8839
KF908859.1	8839
KF908854.1	9031
KF751616.1	75854
KF156760.1	75854
HM010684.1	8839
FJ167857.1	8839
EU755253.1	8839
EU755252.1	8839
EU009397.1	8839
L16770.1	8839
MK770342.1	8839
KJ637997.1	8839
KF908858.1	8839
L22479.1	8839
X60825.1	8839
KF312717.1	28680
KC771255.1	75839
KC984271.1	75839
KF203133.1	75839
KT345702.1	75838
KC984270.1	8838
KC759527.1	75844
JF730435.1	56278
KJ722069.1	219594
AF090337.1	30385
NC_045373.1	75861
KJ710708.1	219593
KJ169568.1	8832
KC466568.1	30387
KF562761.1	1415635
MN122926.1	76058
KU140668.1	75865
KC984272.1	75865
NC_040986.1	8880
KF684946.1	45639
CP042856.1	2603292
CP028913.1	2080742
CP013979.1	453304
CP035491.1	2509455
CP040872.1	2585717
CP043505.1	2592652
CP047176.1	2609252
LT629867.1	1798223
CP017580.1	1905847
CP043504.1	2592654
CP032624.1	2419771
CP047173.1	2609253
CP042305.1	2599293
CP045287.2	138532
CP018783.1	69373
CP046619.1	2683590
LT630032.1	1798216
LT630002.1	1798220
LT629707.1	1798219
LT629698.1	1798222
LT629696.1	1798221
LT629694.1	1798217
AP012052.1	979556
CP049256.1	2567934
CP038256.1	904291
CP022463.1	2020377
CP017674.1	1906742
CP036164.1	53458
CT956055.9	7955
LN835309.1	85471
GQ914232.1	97517
GQ914215.1	97517
GQ914175.1	97517
GQ914164.1	97517
GQ914163.1	97517
GQ914160.1	97517
GQ914146.1	97517
GQ914260.1	97517
GQ914259.1	97517
GQ914129.1	97517
GQ914102.1	97517
GQ914101.1	97517
GQ914100.1	97517
GQ914089.1	97517
GQ914198.1	97517
GQ914186.1	97517
GQ914189.1	97517
GQ914178.1	97517
GQ914172.1	97517
GQ914171.1	97517
GQ914145.1	97517
GQ914144.1	97517
GQ914105.1	97517
GQ914097.1	97517
GQ914078.1	97517
GQ914268.1	97517
GQ914234.1	97517
GQ914231.1	97517
GQ914184.1	97517
GQ914170.1	97517
GQ914068.1	97517
GQ914084.1	97517
GQ914083.1	97517
GQ914074.1	97517
GQ914073.1	97517
GQ914067.1	97517
GQ914065.1	97517
GQ914265.1	97517
GQ914176.1	97517
GQ914169.1	97517
GQ914138.1	97517
GQ914269.1	97517
GQ914261.1	97517
GQ914115.1	97517
GQ914108.1	97517
GQ914080.1	97517
AY742548.1	225060
AY742520.1	71677
AY742519.1	201696
AY742541.1	225061
MH301076.1	489037
MH301075.1	489037
MH301074.1	489037
KY231830.1	27706
KR476867.1	27706
AJ971773.1	197152
JN615254.1	197152
KF438115.1	502138
KF438120.1	197152
KF438104.1	197152
AJ971779.1	329008
AJ971727.1	328906
AJ971770.1	329000
AJ971778.1	329007
AJ971772.1	329002
JN627431.1	1093923
AJ971744.1	328907
AJ971728.1	328907
AB127076.1	257034
AJ971767.1	328995
AJ971771.1	329001
AJ971742.1	328949
AJ971768.1	328997
AJ971740.1	328945
AJ971736.1	328937
DQ890342.1	253130
DQ890337.1	253130
AJ971761.1	328983
AJ971755.1	328974
AJ971738.1	328941
AJ971732.1	328933
AJ231162.1	79503
JQ888509.1	1276355
GU479735.1	743459
AJ971756.1	328975
DQ890345.1	253130
DQ890344.1	253130
DQ890336.1	253130
AJ841336.1	79503
AJ971786.1	329019
KF828224.1	360524
EU882883.1	360524
DQ890349.1	409188
DQ890348.1	409188
JQ888515.1	1276360
AJ971739.1	328943
MG910499.1	2493714
AY749824.1	309678
MN356096.1	2717116
GQ502451.1	675576
EU734897.1	560960
KP035054.1	1641410
KP035053.1	1641410
DQ399264.1	373811
JX536413.1	619329
AY749763.1	309752
KY039032.1	2041090
KY039031.1	2041089
KY039030.1	2041086
KT425070.1	279440
KP264629.1	373837
KM878970.1	1611640
KF944522.1	1452974
KF741306.1	1452974
KM051512.1	1548274
JX536414.1	619329
DQ399267.1	373817
AY620157.1	279440
AY620156.1	279440
AF212055.1	114945
MK966290.1	2041088
MK966289.1	2041088
MK966288.1	2041088
MK966287.1	2041088
MK966285.1	2041088
MK966284.1	2041088
MK966282.1	2041088
MK966281.1	2041088
MK966280.1	2041088
MK966278.1	2041088
MK966277.1	2041088
MK966276.1	2041088
MK966275.1	2041088
MK966274.1	2041088
MK966273.1	2041088
MK966272.1	2041088
MK966271.1	2041088
MK966270.1	2041088
MK966269.1	2041088
MK966268.1	2041088
MK966267.1	2041088
MK966266.1	2041088
MK966265.1	2041088
MK966264.1	2041088
MK966262.1	2041088
MK966261.1	2041088
HQ731438.1	27706
HQ391896.1	489037
FJ861707.1	489037
DQ536425.1	27706
AY742550.1	27706
MH301073.1	225391
MH301072.1	225391
MH301071.1	225391
MH301070.1	225391
AP014537.1	27706
HQ391897.1	225391
FJ861706.1	225391
AY254568.1	27706
AY520100.1	225392
AY742551.1	225392
AY742547.1	225393
AY742546.1	225393
AY742545.1	225391
AY742544.1	225391
AY742540.1	225394
AY742552.1	225392
MF621711.1	147949
MF621710.1	147949
HQ731429.1	147949
AB378750.1	147949
AB378749.1	147949
AY742549.1	225060
AY742543.1	147949
AY742542.1	147949
AY742513.1	201692
KY660677.1	109273
KY815358.1	109273
AY742515.1	109273
AY742512.1	270327
AP009194.1	345573
AF173567.1	37050
L33389.1	37050
KJ913674.1	100828
EF532936.1	342690
DQ674595.1	9252
EF380291.1	43311
EF380289.1	61263
KX902250.1	1914395
GU071053.1	33584
AF173569.1	33584
L33369.1	33584
EF380299.1	444854
EF380292.1	28702
AP009192.1	388734
AF373591.1	56069
DQ674606.1	471862
GU071054.1	146625
HM746789.1	187108
AF339359.1	33578
NC_037743.1	488303
JQ897828.1	1629387
JQ897825.1	1239047
KC155941.1	1331318
JQ888508.1	1276353
JQ888499.1	1276350
KT231824.1	1797082
JQ942265.1	1245847
NC_043846.1	69253
GQ258369.1	452400
HM038434.1	656738
EF487282.1	452400
KP692790.1	1751600
KC248982.1	69253
KC248981.1	69253
JQ888501.1	1276348
JQ897840.1	69253
JQ942237.1	1245847
FJ230449.1	633545
FJ230393.1	633578
MH114167.1	2339139
KX437733.1	2038648
JQ782757.1	1277665
KC594825.1	1161195
JQ888503.1	881755
JQ888447.1	1276441
JQ888424.1	1276411
JQ942242.1	1246135
JQ942238.1	1246137
EU863982.1	310639
JQ782772.1	760239
KC880882.1	1445625
JQ888516.1	1276368
GQ258377.1	760233
AB499943.1	323993
AY035464.1	162379
AF324528.1	162379
KT231817.1	1797084
KM282925.1	1537450
KC248994.1	65345
JQ888512.1	1276358
JQ888507.1	1276352
JQ888476.1	1276329
JQ888434.1	1276422
JQ942274.1	1245850
JQ942271.1	1246134
JQ942270.1	1246127
JQ942257.1	1246136
EU864018.1	574914
EU128691.1	470221
EF120862.1	82892
MH349359.1	1069815
MH349356.1	1069815
EU518636.1	96932
KM434235.1	1069815
KY021075.1	143298
KY021074.1	143298
KY021073.1	143298
KF030963.1	143294
KP970613.1	1830228
KF030962.1	143294
KJ775864.1	165444
KT326918.1	461120
HM856635.1	872316
KC441487.1	332607
KY290449.1	143297
KY290448.1	143297
AY498701.1	52389
KJ627225.1	1470580
MH349358.1	55837
MH349357.1	55837
FJ809755.1	96932
AY498700.1	96932
KY290450.1	143297
MK994777.1	178825
MF414415.1	1223348
MF326974.1	52396
AY498703.1	227613
KX400171.1	143294
MF352325.1	1076541
KT966465.1	143294
KP795046.1	1076541
KC848655.1	1903492
EF571333.1	143294
MK372469.1	2605994
MK372468.1	2605994
MF352346.1	1076541
MF352312.1	1076541
MF326972.1	106594
MK372467.1	2605991
MK372466.1	2605991
MK372465.1	2605991
KX400542.1	461119
KX865628.1	1076541
KX865623.1	1076541
KX713237.1	1920013
AB055624.1	1835347
MK994771.1	1264661
KY007142.1	1491190
KT247375.1	165005
U72545.1	52361
MG552747.1	2054908
GU086203.1	681720
KU759841.1	6055
LT158503.1	6055
JN209966.1	31330
LT158504.1	6052
EU237481.1	6052
JQ302310.1	882799
JQ302309.1	394683
GU385217.1	289074
KU324767.1	302453
KJ192328.1	83851
MH180013.1	2093246
KJ129611.1	1473587
KU748128.1	1848167
MF947452.1	2021432
KP184855.1	96927
MK372457.1	2605998
MK372450.1	2605998
KP184856.1	96927
KU873121.1	981778
KP184849.1	1615856
KP184861.1	1615859
KP184857.1	1142139
KP184851.1	1076547
KU888231.1	1076547
KU888230.1	1076547
KU888229.1	1076547
KU888228.1	1076547
KU888227.1	1076547
KU888226.1	1076547
KU888225.1	1076547
KU888224.1	1076547
MH324420.1	8182
MH324419.1	8182
AY742554.1	201697
AY742553.1	201697
AC235342.1	3847
EF218652.1	85424
KM406309.1	1483094
AF067274.1	85424
EF218651.1	85418
FJ460204.1	85418
AF067271.1	85418
KF415478.1	1108806
KM406308.1	1483072
AF491120.1	203340
KF415300.1	622398
KX234656.1	443721
KR476870.1	47308
LC098494.1	255714
LC098493.1	255714
LC098492.1	255714
KR476869.1	320565
KM583832.1	320565
GQ412300.1	443721
AF067270.1	1483072
LC098501.1	178221
LC098488.1	178220
LC098485.1	262095
KF415416.1	1079950
KF415394.1	262095
HQ158855.1	986109
MK293944.1	2496616
LC098503.1	178221
LC098499.1	178221
KF415344.1	1365680
KF415312.1	320567
FJ460198.1	77594
EF218644.1	77594
AY830686.1	283624
AP006786.1	72450
AP017443.1	72450
KX095203.1	1714624
LC097790.1	137882
LC097788.1	137882
LC098486.1	178220
KR362879.1	72450
AB770486.1	72450
KF415395.1	178221
KF415339.1	1365544
HQ232430.1	1079950
AB282848.1	412644
GQ267193.1	689605
AB084129.1	72450
MF572023.1	443723
MH699829.1	150296
MH167469.1	2153194
AB026615.1	95704
MH114178.1	2339109
GQ258388.1	760239
AY252752.1	237154
DQ133031.1	339807
FJ456943.1	1249914
AY648140.1	301294
NC_039588.1	2304347
KY123120.1	2035526
KC248988.1	1078474
JQ942252.1	1246123
JQ942233.1	1246124
GU194532.1	863847
GQ258361.1	760237
AY252735.1	236340
AF324519.1	13249
DQ133029.1	339804
NC_042679.1	452413
KX781690.1	1925442
KC249013.1	162372
KF369674.1	1407158
XM_012700902.1	6087
XM_002162944.3	6087
HQ232432.1	1079950
HQ232431.1	1079950
AF067279.1	85426
AY583124.1	283624
AB763992.1	192376
AY583112.1	72450
AB084130.1	192376
MF457638.1	764832
LC098505.1	178221
LC098500.1	178221
LC098489.1	178220
LC098487.1	178220
KT601093.1	178221
CP046121.1	1813880
CP042862.1	1078471
CP041616.1	2594265
CP031229.1	2283195
JX903964.1	278766
JX903971.1	1154653
JX903969.1	1241936
NC_044715.1	249132
KX120077.1	1003169
JX903968.1	278768
JX903965.1	458567
FJ211845.1	8222
MG018480.1	262098
AP014796.1	166741
AP014791.1	166741
AP014790.1	166741
AP014787.1	166741
AP014786.1	166741
AP014784.1	166741
AP014770.1	166741
AP014766.1	166741
AP014762.1	166741
AP014761.1	166741
AP014752.1	166741
AP014746.1	166741
AP014738.1	166741
LC098498.1	262098
KC847114.1	1903488
KY007143.1	165460
CP049863.1	2714935
FJ809752.1	301928
HQ230380.1	929244
HQ230370.1	929245
JN228853.1	629351
KX842688.1	1917064
JQ888449.1	1276251
HQ230381.1	929244
HQ230378.1	929244
AF154776.1	115279
NC_042908.1	2583382
NC_042907.1	1740175
EU055040.1	451479
EU128698.1	470225
EF640459.1	451479
KC699344.1	1445850
KC248998.1	162374
JQ888452.1	1276317
JQ942277.1	1245877
EF041528.1	115641
AF154778.1	115279
AF154777.1	115279
AF180062.1	115641
DQ133036.1	339813
NC_042911.1	2017640
KC249068.1	508757
KC249067.1	65348
AJ971746.1	328954
AY075069.1	77748
EU882887.1	576990
U96086.1	59760
HM003946.1	765386
JQ897788.1	1239017
JQ897787.1	1239017
AJ971722.1	328899
HE613688.1	1109143
MN023276.1	2609587
KF437906.1	8832
KM435027.1	270329
EU848469.1	97165
KP013087.1	201691
KM435028.1	13106
KC427094.1	201691
EU099463.1	184447
AY742523.1	201691
AY742522.1	201691
AY072685.1	184447
DQ462677.1	91856
AY742516.1	201701
EU848457.1	76931
MN860494.1	2691099
MK000268.1	6706
MK000254.1	6706
MH300623.1	6706
LC191205.1	6706
LC191204.1	6706
LC191203.1	6706
KX420660.1	6706
HQ402925.1	6706
HM449120.1	6706
EU882875.1	6706
FJ174888.1	6706
DQ666843.1	6706
AF370876.1	6706
U55843.1	6707
MN860500.1	2691099
MN860497.1	2691099
MN860496.1	2691099
MN860495.1	2691099
MN860483.1	2691099
MK000286.1	6829
MK000285.1	6829
LN681403.1	6829
HM449121.1	6829
EU882880.1	6829
FJ174889.1	6829
DQ079726.1	6829
U96083.1	6829
MN982265.1	2700093
MN982264.1	2700092
MH300636.1	6707
MH300622.1	6707
HM449119.1	6707
KY917473.1	155900
GU926374.1	77133
KY916449.1	155900
CP036280.1	2527982
NR_076315.1	547188
AP012338.1	1142394
CP031704.1	2303331
AP017367.1	1080068
CP042306.1	1813879
CP016211.1	888845
CP021181.1	1283312
CP012333.1	1391654
NR_076508.1	160791
CP000699.1	392499
KY917545.1	155900
KY915397.1	155900
AP011765.1	34034
CP049107.1	2711156
CP017171.1	34
CP023449.1	1850238
CP046535.1	2681549
CP035712.1	542
CP035713.1	542
CP035711.1	264203
CP031098.1	1491
CP023715.1	264203
CP023682.1	120045
CP023677.1	120045
CP021053.1	120045
KY921454.1	155900
KY921338.1	155900
KT865818.1	1811331
CP012159.1	52
CP003715.1	627343
CP003709.1	1194424
CP006818.1	627343
NR_076177.1	120045
HQ881479.1	210512
HQ881464.1	1007516
CP002850.1	555217
AE008692.2	264203
CP001722.1	622759
AF088897.1	264203
AF117351.1	264203
X87291.1	41
CP017169.1	34
CP017170.1	34
CP017172.1	34
CP017173.1	34
CP017174.1	34
GU474842.1	710820
CP010311.1	483547
NR_076583.1	313985
CP001089.1	398767
NR_076389.1	28232
CP000148.1	269799
CP015519.1	1842532
NR_076459.1	29543
CP000482.1	338966
AP017912.1	35554
CP015455.1	29542
CP015518.1	29542
CP014963.1	1340425
CP010430.1	35554
NR_076387.1	19
NR_076208.1	35554
AE017180.2	243231
CP002031.1	663917
CP000142.2	338963
CP015080.1	1823759
NR_076727.1	427923
CP001940.1	589865
CP009922.3	408015
CP042467.1	2600177
CP013015.1	1621989
CP010802.1	1603606
CP009788.1	345632
CP002479.1	443143
AC150251.1	325466
CP041029.1	34085
KY915856.1	155900
CP011859.1	34085
CP006649.1	1354240
NR_076987.1	34085
CP003787.1	1228997
CP040694.1	2583851
LT906475.1	34085
NR_076805.1	34085
NR_076697.1	80816
CP003388.1	693978
CP002346.1	693978
CP001804.1	502025
AP017378.1	241368
NR_121913.1	891
NR_076962.1	2358
CP003360.1	706587
MF115633.1	1993769
CP047560.1	50273
XM_012489207.2	7463
XM_003695453.3	7463
AB121981.1	249132
KX347589.1	27783
KM186202.1	1355922
KM186201.1	1355922
KM186199.1	1355922
JX971538.1	646537
JF457572.1	997976
JF457571.1	997976
MH699843.1	8128
KR779498.1	334377
JN182927.1	211834
EU342186.1	64152
EU342185.1	64152
AP005990.1	215345
DQ784728.1	211834
EF458465.1	334377
EF119309.1	334377
DQ444481.1	211834
DQ027914.1	334377
AY292659.1	211834
JN628861.1	205486
MN057620.1	64152
MN057616.1	64152
MN057610.1	64152
MN057607.1	64152
MN057596.1	64152
KX595334.1	1497101
KT358478.1	64152
AF491110.1	203323
KM657956.1	284583
KF415440.1	284583
LC493909.1	394708
MH699836.1	376739
MF179434.1	72073
MF179423.1	72073
KX897946.1	394691
KF415458.1	1365577
DQ678238.1	394691
MN255644.1	390420
KX120066.1	1843798
KP237964.1	641285
KC292213.1	284583
AP006807.1	270564
FJ887745.1	641285
AF491109.1	203323
AF491069.1	203290
LC493910.1	394696
MK804613.1	72093
MK804612.1	72093
MH167468.1	2153194
MH167467.1	2153194
KR867679.1	8869
KP981364.1	8869
KF800698.1	1450144
JQ282800.1	541010
DQ083161.1	110926
KR821135.1	219595
KP981363.1	219595
FJ379295.1	8868
MN122908.1	8843
MK102803.1	8845
MK133021.1	8843
NC_039888.1	184919
KT427465.1	8845
KM455570.1	8846
KJ124555.1	8845
HQ890328.1	132587
EU932689.1	8843
AF363031.1	50365
MK133022.1	8845
KY767671.1	8845
KU211647.1	8845
KT427463.1	8845
KP943133.1	8845
KP881611.1	8845
KP026178.1	8845
KP238480.1	8845
KJ794189.1	8845
KJ794188.1	8845
KJ778677.1	8845
KC984218.1	8843
DQ019124.1	8853
EU755254.1	8855
X87854.1	8839
LT629695.1	399736
CP003490.1	1133568
CP002025.1	759914
CP002873.1	1042417
CP027942.1	2070347
XM_005507637.2	8932
XM_005507636.2	8932
XM_005507638.2	8932
XM_013368735.2	8932
CP049933.1	2714933
CP049255.1	1526412
AP012057.1	1313172
JX649905.1	1256590
DQ295238.1	360424
EU686588.1	526644
CP011489.1	1650658
CP045851.1	2664374
CP045529.1	1133546
NR_076283.1	2066
AP010968.1	452652
EU795172.1	542543
GQ225721.1	656831
CP050976.1	2721245
CP047186.1	1671680
CP023691.1	58346
MK742730.1	375757
CP029541.1	2202000
LT907981.1	1938841
CP019779.1	1961713
CP019457.1	47763
CP017157.1	47763
CP049935.1	2714941
CP049862.1	2714931
CP041203.1	2591145
CP016793.1	1586287
NR_076137.1	1711
CP001964.1	446466
CP047420.1	2609257
CP047180.1	110937
CP029607.1	103721
CP035495.1	2509459
CP028130.1	59737
CP028137.1	1328866
CP031421.1	273677
CP023445.1	42197
LT629742.1	412690
KT865814.1	1811302
KT865809.1	1811297
KT865800.1	1811292
KT865794.1	1811290
NC_039772.1	1593348
KT425080.1	1593348
AP018162.1	1972134
KC966538.1	433045
MF172709.1	2706870
MF172713.1	2007245
CP044623.1	5059
KM669397.1	1678302
LC060028.1	1663762
LC060027.1	1663761
LC060037.1	1663771
LC060035.1	1663769
LC060033.1	1663767
LC060036.1	1663770
LC060032.1	1663766
LC060040.1	1663774
LC060039.1	1663773
LC060034.1	1663768
LC060031.1	1663765
LC060038.1	1663772
LC060029.1	1663763
LC060030.1	1663764
GQ343272.1	141395
LC060026.1	1663760
LC060025.1	1663760
LC060017.1	1663752
LC060014.1	1663749
LC060019.1	1663754
LC060016.1	1663751
LC060020.1	1663755
LC060018.1	1663753
LC060015.1	1663750
LC060023.1	1663758
LC060021.1	1663756
LC060024.1	1663759
LC060022.1	1663757
LC060009.1	1663744
LC060004.1	1663739
LC177802.1	1898245
LC060013.1	1663748
LC060012.1	1663747
LC060011.1	1663746
LC060008.1	1663743
LC060007.1	1663742
LC060010.1	1663745
LC060005.1	1663740
NC_037488.1	743458
LC060006.1	1663741
LC060003.1	1663738
LC060000.1	1663735
LC060002.1	1663737
LC060001.1	1663736
LC059999.1	1663734
MH918692.1	200852
JN651446.1	675436
MH918686.1	200852
MN598736.1	1071220
MN598718.1	1071220
CP035319.1	2507582
CP029617.1	2203205
AP022633.1	34305
CP047567.1	50273
CP050594.1	9615
CP050619.1	9615
CP046243.1	201
CP047256.1	5059
CP044616.1	5059
CP023757.1	4081
HG975513.1	4081
AC239435.2	4081
FJ427458.1	246996
MH918697.1	200852
KP772900.1	1789613
KP772886.1	1789613
KP772885.1	1789613
KP772899.1	1789613
KP772898.1	1778566
KP772894.1	595358
KP772893.1	595358
KP772888.1	1778566
KP772887.1	1778566
KP772884.1	1778566
KP772862.1	1778563
KP772861.1	1789613
KP772856.1	1778563
KP772892.1	595358
KP772891.1	595358
KP772857.1	1778567
KP772897.1	595358
KP772896.1	595358
KP772895.1	595358
KP772890.1	595358
KP772889.1	595358
KP772883.1	595358
KP772882.1	595358
KP772881.1	595358
KP772880.1	595358
KP772879.1	595358
KP772878.1	595358
KP772877.1	595358
KP772876.1	595358
KP772875.1	595358
KP772871.1	595358
KP772870.1	595358
KP772868.1	595358
KP772867.1	595358
KP772866.1	595358
KP772865.1	595358
KP772855.1	1778563
KP772854.1	595358
JN656678.1	595358
KP772901.1	1778567
KP772860.1	1778565
KP772859.1	1778565
KP772858.1	1778565
KP772903.1	1789614
KP772902.1	1789614
KP772874.1	595358
KP772872.1	1778562
KP772869.1	1789614
KP772863.1	1789614
KR263117.1	232557
CP046679.1	4113
LM524969.1	75913
CP033905.1	1661
CP033904.1	1661
CP029004.1	1661
CP029001.1	1661
CP028833.1	1661
CP012649.1	1661
CP007003.1	1435056
MK483634.1	7938
MK483390.1	7936
MK483389.1	7936
MK483386.1	7936
MK483380.1	7936
MK483377.1	7936
KJ564231.1	7936
KJ564220.1	7936
MK483645.1	7938
MK483644.1	7938
MK483643.1	7938
MK483642.1	7938
MK483641.1	7938
MK483640.1	7938
MK483639.1	7938
MK483637.1	7938
MK483633.1	7938
MK483629.1	7938
MK483628.1	7938
MK483627.1	7938
MK483626.1	7938
MK483623.1	7938
MK483621.1	7938
MK483619.1	7938
MK483617.1	7938
MK483615.1	7938
MK483614.1	7938
MK483613.1	7938
MK483612.1	7938
MK483611.1	7938
MK483610.1	7938
MK483609.1	7938
MK483608.1	7938
MK483607.1	7938
MK483605.1	7938
MK483603.1	7938
MK483602.1	7938
MK483601.1	7938
MK483600.1	7938
MK483599.1	7938
MK483598.1	7938
MK483596.1	7938
MK483595.1	7938
MK483594.1	7938
MK483593.1	7938
MK483527.1	7936
MK483526.1	7936
MK483525.1	7936
MK483524.1	7936
MK483521.1	7936
KR476979.1	94993
KR476898.1	94993
KJ128904.1	94993
EU307877.1	490724
AM398435.2	94993
LC098594.1	1604540
LC520058.1	1756094
LC098604.1	30991
LC098603.1	30991
LC098600.1	30991
LC098596.1	30991
LC098590.1	1756094
KP255959.1	395014
LC098610.1	30991
LC098601.1	30991
LC098598.1	30991
LC098597.1	30991
JX256247.1	30991
AP012022.1	30991
MN171302.1	1407129
LC098612.1	30991
LC098609.1	30991
LC098602.1	30991
AB860299.1	1407129
JX068844.1	30991
DQ029054.1	30991
DQ029055.1	329966
KT350610.1	329966
JX068842.1	30991
LC098599.1	30991
JN116720.1	30991
JX068847.1	30991
JX068846.1	30991
JX068845.1	30991
JX087351.1	30991
JX087350.1	175797
JF895472.1	395014
HM746661.1	175797
MK895951.1	30991
JX068848.1	30991
JX068843.1	30991
JX068841.1	30991
HQ907992.1	175797
FN811343.1	575557
GQ469626.1	209166
FJ432679.1	575557
MG076906.1	310914
KY710750.1	2012678
KY569440.1	310914
GQ469610.1	209166
CP001631.1	525909
NR_076648.1	53635
NR_076670.1	304895
CP001700.1	479433
GQ225720.1	656830
CP045803.1	1421017
CP023688.1	1927
CP025551.1	1927
NR_102567.1	103731
NR_076647.1	40567
HE804045.1	1179773
JF424163.1	67382
CP001630.1	446462
LT629791.1	419479
LR134508.1	201
JF424177.1	105420
JF424176.1	105422
JF424175.1	105425
MN598714.1	1071220
MN598697.1	1071220
MN598722.1	1071220
HQ833701.1	670348
MK078120.1	238666
KX505166.1	101364
KX505165.1	7957
KX611160.1	101364
KU896992.1	101364
KU896991.1	101364
KU668569.1	101364
KU668568.1	101364
KT756205.1	1752860
KR476838.1	217509
KJ874429.1	7957
KM659025.1	7957
KJ476998.1	7957
GQ406258.1	369639
JF496198.1	101364
JF496197.1	101364
HM536763.1	1203005
GU138989.1	101364
GU170401.1	101364
GU186888.1	211488
GQ903706.1	678551
AB379922.1	101364
DQ464926.1	7957
AJ247070.1	7957
NC_042402.1	2570877
KU668580.1	101364
KU668578.1	101364
KU668577.1	101364
KJ874428.1	7957
EF483931.1	7957
KY231826.1	7957
MF443771.1	145527
MF443770.1	145527
MF443769.1	145527
MF443768.1	145527
MF443767.1	145527
MF443766.1	145527
MF443765.1	145527
MF443764.1	145527
MF443763.1	145527
MF443762.1	145527
MF443761.1	145527
MF443760.1	145527
MF443759.1	145527
MF443758.1	145527
MF198464.1	2033720
KU668579.1	101364
KU668576.1	101364
KU668575.1	101364
KU668574.1	101364
MK483520.1	7936
MK483519.1	7936
MK483518.1	7936
MK483514.1	7936
MK483513.1	7936
MK483511.1	7936
CP011215.1	1618633
KY917370.1	155900
CP046222.1	2675792
CP046216.1	2675787
CP046210.1	2675783
CP046226.1	2675795
CP046190.1	2675789
CP046220.1	2675790
CP046214.1	2675788
AP018159.1	650377
CP046218.1	2675791
CP046224.1	2675797
NR_076402.1	374463
CP000238.1	374463
AF476106.1	199911
AF489427.1	186490
CP046208.1	2675775
CP003315.1	1142511
CP046186.1	2675772
CP046204.1	2675774
CP046230.1	2675794
CP038817.1	735
LR134405.1	758
CP046192.1	2675784
NR_076601.1	35786
AP010872.1	476281
CP001145.1	309798
CP046196.1	2675785
CP046228.1	2675796
CP024013.1	2608262
AP014521.1	1410383
CP011787.1	186490
LT594522.1	1835721
LN774881.1	1594731
CP008985.1	186490
AF476104.1	199909
CP046206.1	2675781
LR217698.1	1922217
KY915875.1	155900
AF476103.1	199908
CP042983.1	731
CP043001.1	731
CP042992.1	731
CP042993.1	731
CP042991.1	731
CP042990.1	731
CP042988.1	731
CP042987.1	731
CP042985.1	731
LN835302.1	85471
NG_032964.1	9606
AC008282.4	9606
CP023760.1	4081
XM_020802964.1	103695
CP044427.1	2593973
AP019835.1	157687
AP019834.1	157687
KU739474.1	206779
CP047183.1	2609255
CP047185.1	2609258
KT865871.1	1811327
LR215993.1	85433
KC429288.1	59239
KF363952.1	59239
KF363951.1	59239
DQ184755.1	59239
KC197241.1	59239
CP032557.1	29730
BA000021.3	36870
KY916610.1	155900
KY916347.1	155900
KY921293.1	155900
KY921254.1	155900
AY498702.1	96912
CP050568.1	9615
CP050633.1	9615
XM_011276255.1	1041607
CP039355.1	3917
MG800783.1	34281
KP170503.1	34281
CP025674.1	35885
AC254603.1	81985
JF317353.1	34274
JQ246741.1	462649
AM432903.2	29760
CP035529.1	41058
CP032561.1	29730
CP032255.1	47615
CP039352.1	3917
FJ025474.1	559665
LR031577.1	3711
MF100136.1	2219246
NC_038082.1	2219246
AP015036.1	157739
CP047563.1	50273
MK133255.1	939150
NC_044652.1	402416
CP032250.1	47615
NR_077032.1	477641
FO203431.1	477641
CP047156.1	1891644
NR_102997.1	138336
FO117623.1	1146883
AP022871.1	624315
CP002299.1	298654
AP022870.1	1076124
NR_076134.1	1861
CP001867.1	526225
M55343.1	1855
AP019620.1	68175
CP020569.1	553510
CP007699.2	47763
NR_076869.1	1003110
CP002638.1	263358
AF288091.2	42467
CP020370.1	1166950
CP007031.1	765910
CP003154.1	765911
CP039268.1	316276
MN079105.1	155900
AP018052.1	585455
CP007268.1	421628
AP012320.1	983917
CP013189.1	1249552
DQ532837.1	109273
KU238073.1	7957
CP026949.1	2079792
AF202802.1	114083
AP022717.1	160734
CP050226.1	3498
LR031574.1	3711
AC235899.2	3847
CP005957.1	1332188
CP047918.1	2699181
CP047916.1	2699183
CP040008.1	2572087
CP011211.1	1619070
CP047921.1	2699178
CP047920.1	2699179
CP047919.1	2699180
CP047917.1	2699182
CP040004.1	2572088
CP040011.1	2572089
CP040003.1	713059
CP007496.1	1476577
CP006915.1	1394711
CP026537.1	2080739
CP023991.1	2026720
KM435032.1	27706
KM435031.1	147949
LN558762.1	13353
AB105447.1	13353
MK548578.1	217026
CP019509.1	1938604
CP047241.1	519081
AP018823.1	332411
CP039731.1	1537400
CP025429.1	2059672
LR134182.1	536
CP050992.1	536
CP043473.1	2605945
CP024029.1	536
CP024028.1	536
AE016825.1	243365
CP028519.1	57480
CP022344.1	1108595
CP017707.1	1108595
CP029539.1	1590041
AP012224.1	748280
CP029554.1	2202142
CP029495.1	2202141
CP031337.1	2290923
LT607802.1	1192162
AP019312.1	394935
CP031968.1	1778675
CP025682.1	2067960
CP022656.1	80866
CP017420.1	180282
CP045291.1	180282
AP018721.1	1914471
CP011131.1	262324
CP022958.1	2027405
CP028425.1	2080469
CP018845.1	2014887
CP000542.1	391735
CP048836.1	2016596
CP042180.1	2578115
CP037993.1	863372
LR134299.1	303
LT799039.1	303
CP018101.1	1920191
CP016212.1	1150601
AE015451.2	160488
CP002735.1	742013
CP002290.1	931281
CP001392.1	535289
CP000539.1	232721
CP029331.1	2184083
CP028298.1	80870
CP020026.1	1898103
CP015202.1	1081940
LR761664.1	111886
CP039331.1	3827
CP040766.1	3827
CP030989.1	3818
XM_020782819.1	103695
CP016200.1	671211
LR031573.1	3711
LR031571.1	3711
LR031576.1	3711
CP046686.1	4113
CP023127.1	3871
CP019721.1	29466
CP003542.1	1202537
AF211135.2	114186
CP010849.1	477245
CP040654.1	2506427
CP051010.1	2721246
CP050974.1	2721243
CP041650.2	2594453
CP041612.2	2594460
CP041607.2	2594461
CP041609.2	2594462
CP041613.2	2594463
CP041604.2	2594459
CP041602.2	2594457
CP041610.2	2594455
CP041651.1	2594456
CP041611.1	2594458
CP041654.1	2594454
JQ806177.1	332582
LT629776.1	545619
CP032762.1	1302308
CP030930.1	67258
CP029378.1	68179
CP025511.1	1914992
CP024957.1	67258
CP021707.1	2005885
CP015362.1	1837283
CP011522.1	1649184
JQ806192.1	1169025
JQ806178.1	332582
JQ806165.1	66894
JQ806163.1	66894
JQ806143.1	1884
JQ806142.1	1884
JQ806141.1	67295
JQ806140.1	67295
JQ806139.1	67295
JQ806136.1	66872
JQ806134.1	66872
JF424157.1	67363
JF424156.1	67362
JF424145.1	67277
GU924964.1	77133
CP034120.1	2489595
CP022585.1	1798018
NR_076848.1	191579
CP002542.1	755732
CP022985.1	2027857
CP031557.1	2294119
CP028811.1	2162713
CP012898.1	1736674
EU795238.1	542388
CP025118.1	2057808
CP012388.1	96345
CP012586.1	96345
EU795293.1	542480
CP042831.1	2602769
CP029187.1	2172098
CP025938.1	2069432
LT629733.1	1798225
CP013355.1	1622118
CP040749.1	2584122
CP031188.1	1784713
CP029463.1	2201181
CP019389.1	1936081
CP050831.1	2715212
CP047030.1	2686366
CP040813.1	2529032
CP025119.1	2058137
CP019335.1	754423
LT629794.1	1336804
AP014583.1	754409
CP039934.1	2572594
CP031612.1	639310
CP035544.1	2507538
NR_076892.1	983544
CP002825.1	983544
CP039456.1	2049305
CP039451.1	2570561
CP038810.1	2518177
CP020919.1	1678728
CP025117.1	2058135
CP019704.1	1529069
CP019419.1	996801
LT670850.1	1896175
KX158670.1	77133
KX158462.1	77133
FQ032826.1	212695
CP034550.1	103733
CP050177.1	2717324
CP041647.1	43767
CP031194.1	2282738
CP027793.1	43767
FN563149.1	685727
LT629775.1	1855352
JF424154.1	67352
CP050124.1	1833
CP048397.1	2705439
CP032675.1	1829
CP042917.1	334542
CP041694.1	1710
CP029823.1	92644
CP029316.1	334542
CP040719.1	103816
CP039253.1	2565560
CP039254.1	2565561
CP034152.1	2490853
CP032221.1	1829
CP031969.1	2306165
LR134352.1	1824
CP031447.1	100225
CP022208.1	1500843
CP030073.1	2184053
CP028369.1	2135430
NC_037453.1	77928
MG680945.1	77928
NC_037436.1	77931
MG680944.1	77931
EU651892.1	464988
GU138663.1	2052682
GU138662.1	2052682
AP014838.1	114742
NC_044635.1	2557541
MK702077.1	2557541
KX405005.1	157072
MH271689.1	4779
NC_040179.1	4779
AP017433.1	652834
NC_042478.1	162120
MH923236.1	162120
NC_037454.1	233186
MG680942.1	233186
KF226724.1	1202772
KT072718.1	143453
KF226725.1	74557
AY534144.1	4770
NC_041490.1	55529
BX510995.11	7955
CP023768.1	4081
LT629734.1	684552
LM525075.1	75913
LM525018.1	75913
AP009049.1	583346
CP000673.1	431943
CP034852.1	1315998
LR031872.1	3712
LM525139.1	75913
CP003681.1	1195612
AM481348.2	29760
LR031875.1	3712
AM445191.2	29760
BX890608.15	7955
CP039346.1	3917
XM_028687296.1	77519
AP006829.1	8228
LN558769.1	8228
DQ462669.1	382508
DQ462668.1	382508
KP259551.1	13353
KP259548.1	217026
KM651784.1	217026
KM055379.1	217026
EF143374.1	228251
KP710957.1	358392
EF143373.1	358392
DQ345333.1	358392
KR075132.1	228251
CP034245.1	2483401
CP035037.1	1935379
KF741308.1	1452977
AY793561.1	317216
MK966263.1	2041088
EF051608.1	425015
EF051607.1	425015
EF051605.1	425015
EF051598.1	425015
EF051593.1	425015
EF051591.1	425015
EF051609.1	425016
MF115625.1	1988007
GQ914276.1	703917
MF115628.1	1988010
MF115621.1	1988004
MF115617.1	1987998
MF115627.1	1988009
MN982282.1	2700101
MN982260.1	2700109
MN982253.1	2700108
MF115622.1	1993775
MF115620.1	1988001
MF115616.1	1112786
EF051614.1	425018
MF115618.1	1987999
MF115629.1	1988018
MF115614.1	1988012
AP014656.1	1564202
CP032363.1	2320140
CP019070.1	1850254
AP011067.1	316143
AY952484.2	316144
AB205424.1	316143
KM055378.1	13353
AB205420.1	316137
KM042918.1	261198
FJ263887.1	634069
KX364190.1	1242017
KT372712.1	1768616
EU332580.1	489475
KC109957.1	1273216
NC_046704.1	2713580
NC_046598.1	2713332
CP039350.1	3917
CP039354.1	3917
CP046693.1	4113
CP023116.1	3871
AC110540.7	10090
AC091312.8	10090
XM_032311098.1	36723
KP410781.1	161229
AC187614.2	9598
CP030990.1	3818
CP023756.1	4081
AC246204.4	4081
CP040772.1	3827
CP040769.1	3827
AY097258.1	195391
CP029480.1	1784714
XM_032137572.1	81572
XM_032137557.1	81572
XM_032137555.1	81572
XM_032137554.1	81572
XM_032137552.1	81572
XM_032137551.1	81572
XM_032137550.1	81572
XM_032137549.1	81572
NM_001376366.1	9606
NM_001376334.1	9606
NM_001376348.1	9606
NM_001376338.1	9606
NM_001376340.1	9606
NM_001376343.1	9606
NM_001376360.1	9606
NM_001376367.1	9606
NM_001376342.1	9606
NM_001376339.1	9606
NM_001376346.1	9606
NM_001376344.1	9606
NM_001376345.1	9606
XM_030813202.1	61853
XM_030813192.1	61853
XM_030813190.1	61853
XM_030813189.1	61853
XM_030813188.1	61853
XM_030813187.1	61853
XM_030813186.1	61853
XM_030813185.1	61853
XM_012506754.2	61853
XM_024927876.1	9597
XM_016936459.2	9598
XM_024351085.1	9598
XM_024351083.1	9598
XM_016936435.2	9598
XM_024351077.1	9598
XM_024351076.1	9598
XM_024351073.1	9598
XM_012459408.2	37293
XM_012459406.2	37293
XM_012459407.2	37293
XM_012459405.2	37293
XM_012459404.2	37293
XM_012459403.2	37293
XM_012459415.1	37293
AC114402.2	9606
CR627446.1	9606
CR627439.1	9606
BX649148.1	9606
BX648271.1	9606
LT883039.1	156934
LN995185.1	156934
HE613701.1	156934
KX785247.1	2024421
DQ890319.1	253135
DQ890318.1	253135
AY318901.1	253135
AY318900.1	253135
KM878906.1	1611559
KM878905.1	1611560
GQ302121.1	764675
GQ865988.1	236032
EU734874.1	560880
KT304190.1	1695772
KT303754.1	1695773
LC035010.1	1630708
KM350423.1	1535485
KF273188.1	1336483
DQ890317.1	253135
DQ890315.1	253135
AF514603.1	209187
AF212052.1	114942
MH846301.1	2315921
MH848711.1	2492008
KX785246.1	2024420
KX785245.1	2024420
KX785243.1	2024419
KX785242.1	2024418
KY495958.1	1962825
KT207451.1	1689950
LN884391.1	2583399
JX294128.1	1265330
AB707922.1	1168653
AB253862.1	377423
EU120763.1	494379
AY252773.1	259725
AY318898.1	253133
AB093099.1	210169
AB056743.1	154795
MF667329.1	863834
MF667302.1	2026324
MH828145.1	2307255
LN995189.1	156938
KP829066.1	511893
KR903708.1	1767367
CP036276.1	2527995
AY359242.1	160070
KX306822.1	43261
KX306823.1	34157
KP427107.1	77133
KP902678.1	312850
U02970.1	3111
X68722.1	3111
MF101467.1	860646
MF101412.1	2007162
MF101444.1	2007208
MF101442.1	189650
MF101454.1	717899
HQ421648.1	999102
HQ421627.1	999102
HQ421169.1	860628
MK814737.1	2575620
KY573931.1	945006
MF101439.1	2006943
MF101426.1	2006970
MF101416.1	76906
MF101413.1	2006982
KM073334.1	1570254
HQ421623.1	997926
KC614005.1	1294520
EF532934.1	439704
KC614008.1	1150672
KF644584.1	1294523
KC613984.1	296133
KF701062.1	171406
DQ485858.1	171406
MK434265.1	2558236
KC613983.1	54570
DQ890320.1	253135
MH407286.1	1545235
MF667291.1	2026318
LS452920.1	156930
LN995182.1	1769271
LN995181.1	1309575
LN995177.1	156930
LT602587.1	1769271
LT602581.1	1309575
LT602580.1	1309575
LT602578.1	1309575
LT602577.1	1309575
LT602566.1	1309575
LT602565.1	1309575
LT602563.1	1309575
LT602562.1	1309575
LT602561.1	1309575
LT602559.1	1309575
KM878958.1	1611573
KF575561.1	156933
HE613727.1	156930
HE613726.1	156933
HE613683.1	156933
CP021430.1	2003551
KY681419.1	3075
KC843974.1	3075
AP018506.1	2083272
HQ420933.1	997609
AP018508.1	2083273
KX889710.1	66845
MF101424.1	35163
MF101410.1	1413812
MF101408.1	2007176
MG590263.1	444149
AY742518.1	201695
AP022634.1	34305
JF273053.1	1136912
JQ990522.1	1233779
MK273326.1	1096234
JN003941.1	1096239
JN003937.1	1096239
MG775466.1	1981428
FM986614.1	586884
MN853162.1	283036
KX641477.1	1188029
KX373635.1	274469
KX343079.1	265559
MF997419.1	186043
CP023702.1	28894
CP038147.1	2420135
CP032543.1	67263
CP029342.1	1736046
NR_103987.1	68202
CP005080.1	1303692
CP003990.1	1265601
NR_076838.1	1169025
NR_076279.1	67263
JQ806210.1	1169025
JQ806209.1	1169025
JQ806208.1	1169025
JQ806207.1	1169025
JQ806206.1	1169025
JQ806205.1	1169025
JQ806204.1	1169025
CP031414.1	1795
CP011022.1	1570328
CP006936.2	700508
CP011491.1	1354275
LT899394.1	1791
LT549889.1	1791
CP015596.1	1682113
CP011269.1	1766
CP009914.1	1273687
NR_102996.2	36814
NG_041981.1	36814
CP003169.1	710685
CP038799.1	117567
AP022605.1	126673
AP022591.1	1249101
CP050192.1	2675524
AP022620.1	1431246
AP022617.1	85693
AP022574.1	216929
AP022569.1	1775
CP000580.1	164757
CP000518.1	189918
CP000384.1	164756
AP022579.1	146017
NR_076143.1	1804
NR_076110.1	1804
CP002385.1	278137
CP000656.1	350054
AP022586.1	758802
CP019420.1	1936029
NR_076107.1	350058
CP000511.1	350058
AP022608.1	1794
CP034072.1	2487344
6DZP_A	246196
5ZET_A	246196
CP025546.1	1389713
LR134356.1	1791
CP027541.1	1214915
5O60_A	246196
CP020809.1	482462
CP012150.1	134601
LN831039.1	1772
CP009496.1	1772
KX943416.1	153779
KJ002971.1	1470691
AJ781556.1	153779
AY027734.1	153779
AB265377.1	393317
AB265388.1	393366
MH317840.1	2283802
KT696194.1	1796571
LN833864.1	558243
AB265397.1	393399
AJ841319.1	154017
AY027747.1	154017
MK415097.1	2602463
JN581714.1	1133184
JN581713.1	1133184
HQ381524.1	1068640
HQ381501.1	1050009
EF056677.1	422055
AB265404.1	393443
AJ781539.1	284407
MH940196.1	2485033
KT303825.1	1695811
KY495952.1	1962776
KX644890.1	171277
EU344979.2	48279
KC614015.1	1294526
KF360163.1	6596
AB236185.1	6596
AB236181.1	6596
LT606951.1	576610
CP015018.1	576611
CP015017.1	576611
CP015016.1	576611
CP000655.1	312153
LT606948.1	576610
CP039345.1	3917
KT780647.1	878090
LL999049.1	6248
CP050590.1	9615
CP040768.1	3827
LN483544.1	179676
AC134449.3	10090
AC145301.4	10090
